{
  "FilterHeaders": [
    {
      "Header": "x-requested-with",
      "IncludeInScript": true
    },
    {
      "Header": "x-goog-api-key",
      "IncludeInScript": true
    },
    {
      "Header": "user-agent",
      "IncludeInScript": false
    },
    {
      "Header": "upgrade-insecure-requests",
      "IncludeInScript": true
    },
    {
      "Header": "sec-fetch-site",
      "IncludeInScript": true
    },
    {
      "Header": "sec-fetch-mode",
      "IncludeInScript": true
    },
    {
      "Header": "origin",
      "IncludeInScript": true
    },
    {
      "Header": "if-none-match",
      "IncludeInScript": false
    },
    {
      "Header": "accept-language",
      "IncludeInScript": false
    },
    {
      "Header": "accept-encoding",
      "IncludeInScript": false
    },
    {
      "Header": "accept",
      "IncludeInScript": false
    },
    {
      "Header": "a-im",
      "IncludeInScript": true
    }
  ],
  "FilterResources": [
    {
      "IsNonResource": false,
      "type": "text/proto"
    },
    {
      "IsNonResource": false,
      "type": "text/javascript"
    },
    {
      "IsNonResource": true,
      "type": "text/html"
    },
    {
      "IsNonResource": false,
      "type": "text/css"
    },
    {
      "IsNonResource": false,
      "type": "image/png"
    },
    {
      "IsNonResource": false,
      "type": "font/woff2"
    },
    {
      "IsNonResource": false,
      "type": "application/octet-stream"
    },
    {
      "IsNonResource": true,
      "type": "application/json"
    },
    {
      "IsNonResource": false,
      "type": "application/javascript"
    }
  ],
  "GeneralInfo": {
    "BrowserVersion": "",
    "IsWinInetMode": false,
    "MaxUsedConnections": 30,
    "RecordedBrowser": "Chrome",
    "RecordingDate": "Jan-15-2020",
    "RecordingDuration": 38484,
    "RecordingMode": "N/A",
    "RecordingTimeStamp": 1579075263,
    "RecordingType": "Browser",
    "TotalBytesReceived": 1551957,
    "TotalBytesSent": 17278,
    "TotalRequests": 42,
    "UserAgent": "Mozilla/5.0 (Windows NT 10.0; Win64; x64) AppleWebKit/537.36 (KHTML, like Gecko) Chrome/79.0.3945.117 Safari/537.36"
  },
  "HostInfo": [
    {
      "DomainName": "restcountries.eu",
      "Domains": [
        {
          "HTTPVersion": "HTTP/1.1",
          "IP": "104.27.143.88",
          "IncludeInScript": true,
          "Name": "restcountries.eu",
          "Port": 443,
          "Requests": [
            {
              "CompressionType": "br",
              "DataType": "application/json",
              "DownloadTime": 453,
              "EventId": 669,
              "HttpStatus": 200,
              "Size": 34296,
              "URL": "https://restcountries.eu/rest/v1/all"
            }
          ],
          "SSLCipher": "ECDHE-ECDSA-AES128-GCM-SHA256",
          "SSLVersion": "TLS1.2"
        }
      ],
      "IncludeInScript": true
    },
    {
      "DomainName": "mlab.com",
      "Domains": [
        {
          "HTTPVersion": "HTTP/1.1",
          "IP": "3.88.36.96",
          "IncludeInScript": true,
          "Name": "api.mlab.com",
          "Port": 443,
          "Requests": [
            {
              "CompressionType": "",
              "DataType": "application/json",
              "DownloadTime": 250,
              "EventId": 721,
              "HttpStatus": 200,
              "Size": 180356,
              "URL": "https://api.mlab.com/api/1/databases/userdetails/collections/newtable?apiKey=YEX0M2QMPd7JWJw_ipMB3a5gDddt4B_X"
            },
            {
              "CompressionType": "",
              "DataType": "application/json",
              "DownloadTime": 422,
              "EventId": 551,
              "HttpStatus": 200,
              "Size": 180356,
              "URL": "https://api.mlab.com/api/1/databases/userdetails/collections/newtable?apiKey=YEX0M2QMPd7JWJw_ipMB3a5gDddt4B_X"
            },
            {
              "CompressionType": "",
              "DataType": "application/json",
              "DownloadTime": 250,
              "EventId": 360,
              "HttpStatus": 200,
              "Size": 111312,
              "URL": "https://api.mlab.com/api/1/databases/userdetails/collections/usertable?apiKey=YEX0M2QMPd7JWJw_ipMB3a5gDddt4B_X"
            }
          ],
          "SSLCipher": "ECDHE-RSA-AES256-GCM-SHA384",
          "SSLVersion": "TLS1.2"
        }
      ],
      "IncludeInScript": true
    },
    {
      "DomainName": "jquery.com",
      "Domains": [
        {
          "HTTPVersion": "HTTP/1.1",
          "IP": "209.197.3.24",
          "IncludeInScript": true,
          "Name": "code.jquery.com",
          "Port": 80,
          "Requests": [
            {
              "CompressionType": "gzip",
              "DataType": "text/css",
              "DownloadTime": 141,
              "EventId": 469,
              "HttpStatus": 200,
              "Size": 6174,
              "URL": "http://code.jquery.com/ui/1.10.4/themes/ui-lightness/jquery-ui.css"
            }
          ],
          "SSLCipher": "None",
          "SSLVersion": "None"
        }
      ],
      "IncludeInScript": true
    },
    {
      "DomainName": "gstatic.com",
      "Domains": [
        {
          "HTTPVersion": "HTTP/1.1",
          "IP": "172.217.167.163",
          "IncludeInScript": true,
          "Name": "www.gstatic.com",
          "Port": 443,
          "Requests": [
            {
              "CompressionType": "gzip",
              "DataType": "application/json",
              "DownloadTime": 32,
              "EventId": 121,
              "HttpStatus": 200,
              "Size": 76,
              "URL": "https://www.gstatic.com/autofill/hourly/bins.json"
            },
            {
              "CompressionType": "gzip",
              "DataType": "application/json",
              "DownloadTime": 32,
              "EventId": 119,
              "HttpStatus": 200,
              "Size": 82,
              "URL": "https://www.gstatic.com/autofill/weekly/merchants.json"
            }
          ],
          "SSLCipher": "ECDHE-ECDSA-AES128-GCM-SHA256",
          "SSLVersion": "TLS1.2"
        },
        {
          "HTTPVersion": "HTTP/1.1",
          "IP": "216.58.203.163",
          "IncludeInScript": true,
          "Name": "ssl.gstatic.com",
          "Port": 443,
          "Requests": [
            {
              "CompressionType": "",
              "DataType": "application/octet-stream",
              "DownloadTime": 31,
              "EventId": 256,
              "HttpStatus": 200,
              "Size": 77948,
              "URL": "https://ssl.gstatic.com/safebrowsing/csd/client_model_v5_ext_variation_0.pb"
            },
            {
              "CompressionType": "",
              "DataType": "application/octet-stream",
              "DownloadTime": 32,
              "EventId": 253,
              "HttpStatus": 200,
              "Size": 77948,
              "URL": "https://ssl.gstatic.com/safebrowsing/csd/client_model_v5_variation_0.pb"
            }
          ],
          "SSLCipher": "ECDHE-ECDSA-AES128-GCM-SHA256",
          "SSLVersion": "TLS1.2"
        }
      ],
      "IncludeInScript": true
    },
    {
      "DomainName": "googletagservices.com",
      "Domains": [
        {
          "HTTPVersion": "HTTP/1.1",
          "IP": "172.217.166.66",
          "IncludeInScript": true,
          "Name": "www.googletagservices.com",
          "Port": 443,
          "Requests": [
            {
              "CompressionType": "gzip",
              "DataType": "text/javascript",
              "DownloadTime": 125,
              "EventId": 726,
              "HttpStatus": 200,
              "Size": 28669,
              "URL": "https://www.googletagservices.com/activeview/js/current/osd.js?cb=%2Fr20100101"
            }
          ],
          "SSLCipher": "",
          "SSLVersion": ""
        }
      ],
      "IncludeInScript": true
    },
    {
      "DomainName": "googlesyndication.com",
      "Domains": [
        {
          "HTTPVersion": "HTTP/1.1",
          "IP": "172.217.160.194",
          "IncludeInScript": true,
          "Name": "pagead2.googlesyndication.com",
          "Port": 80,
          "Requests": [
            {
              "CompressionType": "gzip",
              "DataType": "text/javascript",
              "DownloadTime": 94,
              "EventId": 464,
              "HttpStatus": 200,
              "Size": 37822,
              "URL": "http://pagead2.googlesyndication.com/pagead/js/adsbygoogle.js"
            }
          ],
          "SSLCipher": "None",
          "SSLVersion": "None"
        },
        {
          "HTTPVersion": "HTTP/1.1",
          "IP": "172.217.160.194",
          "IncludeInScript": true,
          "Name": "pagead2.googlesyndication.com",
          "Port": 443,
          "Requests": [
            {
              "CompressionType": "gzip",
              "DataType": "text/javascript",
              "DownloadTime": 109,
              "EventId": 518,
              "HttpStatus": 200,
              "Size": 91855,
              "URL": "https://pagead2.googlesyndication.com/pagead/js/r20200109/r20190131/show_ads_impl.js"
            }
          ],
          "SSLCipher": "ECDHE-ECDSA-AES128-GCM-SHA256",
          "SSLVersion": "TLS1.2"
        }
      ],
      "IncludeInScript": true
    },
    {
      "DomainName": "googleapis.com",
      "Domains": [
        {
          "HTTPVersion": "HTTP/1.1",
          "IP": "172.217.26.227",
          "IncludeInScript": true,
          "Name": "clientservices.googleapis.com",
          "Port": 443,
          "Requests": [
            {
              "CompressionType": "",
              "DataType": "",
              "DownloadTime": 235,
              "EventId": 134,
              "HttpStatus": 304,
              "Size": 0,
              "URL": "https://clientservices.googleapis.com/chrome-variations/seed?osname=win&channel=stable&milestone=79"
            }
          ],
          "SSLCipher": "ECDHE-ECDSA-AES128-GCM-SHA256",
          "SSLVersion": "TLS1.2"
        },
        {
          "HTTPVersion": "HTTP/1.1",
          "IP": "216.58.203.202",
          "IncludeInScript": true,
          "Name": "ajax.googleapis.com",
          "Port": 80,
          "Requests": [
            {
              "CompressionType": "gzip",
              "DataType": "text/javascript",
              "DownloadTime": 16,
              "EventId": 49,
              "HttpStatus": 200,
              "Size": 52848,
              "URL": "http://ajax.googleapis.com/ajax/libs/angularjs/1.4.8/angular.min.js"
            }
          ],
          "SSLCipher": "None",
          "SSLVersion": "None"
        },
        {
          "HTTPVersion": "HTTP/1.1",
          "IP": "216.58.203.202",
          "IncludeInScript": true,
          "Name": "ajax.googleapis.com",
          "Port": 443,
          "Requests": [
            {
              "CompressionType": "gzip",
              "DataType": "text/javascript",
              "DownloadTime": 31,
              "EventId": 73,
              "HttpStatus": 200,
              "Size": 34044,
              "URL": "https://ajax.googleapis.com/ajax/libs/jquery/1.12.0/jquery.min.js"
            }
          ],
          "SSLCipher": "ECDHE-ECDSA-AES128-GCM-SHA256",
          "SSLVersion": "TLS1.2"
        }
      ],
      "IncludeInScript": true
    },
    {
      "DomainName": "google.com",
      "Domains": [
        {
          "HTTPVersion": "HTTP/1.1",
          "IP": "216.58.196.78",
          "IncludeInScript": true,
          "Name": "clients1.google.com",
          "Port": 443,
          "Requests": [
            {
              "CompressionType": "gzip",
              "DataType": "text/proto",
              "DownloadTime": 31,
              "EventId": 230,
              "HttpStatus": 200,
              "Size": 28,
              "URL": "https://clients1.google.com/tbproxy/af/query?q=Chc2LjEuMTcxNS4xNDQyL2VuIChHR0xMKRMZF54zW6UI8w4jLZFhlU4kIy01hlQcJBQ="
            },
            {
              "CompressionType": "gzip",
              "DataType": "text/proto",
              "DownloadTime": 31,
              "EventId": 139,
              "HttpStatus": 200,
              "Size": 25,
              "URL": "https://clients1.google.com/tbproxy/af/query?q=Chc2LjEuMTcxNS4xNDQyL2VuIChHR0xMKRMZv72dPN_u0M8jLXhvEhkkFA=="
            }
          ],
          "SSLCipher": "",
          "SSLVersion": ""
        },
        {
          "HTTPVersion": "HTTP/1.1",
          "IP": "216.58.203.162",
          "IncludeInScript": true,
          "Name": "adservice.google.com",
          "Port": 443,
          "Requests": [
            {
              "CompressionType": "gzip",
              "DataType": "application/javascript",
              "DownloadTime": 94,
              "EventId": 516,
              "HttpStatus": 200,
              "Size": 104,
              "URL": "https://adservice.google.com/adsid/integrator.js?domain=demo.automationtesting.in"
            }
          ],
          "SSLCipher": "ECDHE-ECDSA-AES128-GCM-SHA256",
          "SSLVersion": "TLS1.2"
        }
      ],
      "IncludeInScript": true
    },
    {
      "DomainName": "google.co.in",
      "Domains": [
        {
          "HTTPVersion": "HTTP/1.1",
          "IP": "216.58.203.162",
          "IncludeInScript": true,
          "Name": "adservice.google.co.in",
          "Port": 443,
          "Requests": [
            {
              "CompressionType": "gzip",
              "DataType": "application/javascript",
              "DownloadTime": 78,
              "EventId": 513,
              "HttpStatus": 200,
              "Size": 104,
              "URL": "https://adservice.google.co.in/adsid/integrator.js?domain=demo.automationtesting.in"
            }
          ],
          "SSLCipher": "ECDHE-ECDSA-AES128-GCM-SHA256",
          "SSLVersion": "TLS1.2"
        }
      ],
      "IncludeInScript": true
    },
    {
      "DomainName": "cloudflare.com",
      "Domains": [
        {
          "HTTPVersion": "HTTP/1.1",
          "IP": "104.17.65.4",
          "IncludeInScript": true,
          "Name": "cdnjs.cloudflare.com",
          "Port": 443,
          "Requests": [
            {
              "CompressionType": "br",
              "DataType": "application/javascript",
              "DownloadTime": 32,
              "EventId": 444,
              "HttpStatus": 200,
              "Size": 17179,
              "URL": "https://cdnjs.cloudflare.com/ajax/libs/select2/4.0.1/js/select2.min.js"
            },
            {
              "CompressionType": "br",
              "DataType": "text/css",
              "DownloadTime": 31,
              "EventId": 435,
              "HttpStatus": 200,
              "Size": 1780,
              "URL": "https://cdnjs.cloudflare.com/ajax/libs/select2/4.0.1/css/select2.min.css"
            },
            {
              "CompressionType": "br",
              "DataType": "application/javascript",
              "DownloadTime": 31,
              "EventId": 221,
              "HttpStatus": 200,
              "Size": 2596,
              "URL": "https://cdnjs.cloudflare.com/ajax/libs/angular.js/1.4.8/angular-cookies.js"
            }
          ],
          "SSLCipher": "ECDHE-ECDSA-AES128-GCM-SHA256",
          "SSLVersion": "TLS1.2"
        }
      ],
      "IncludeInScript": true
    },
    {
      "DomainName": "bootstrapcdn.com",
      "Domains": [
        {
          "HTTPVersion": "HTTP/1.1",
          "IP": "209.197.3.15",
          "IncludeInScript": true,
          "Name": "maxcdn.bootstrapcdn.com",
          "Port": 80,
          "Requests": [
            {
              "CompressionType": "gzip",
              "DataType": "text/css",
              "DownloadTime": 172,
              "EventId": 69,
              "HttpStatus": 200,
              "Size": 19747,
              "URL": "http://maxcdn.bootstrapcdn.com/bootstrap/3.3.6/css/bootstrap.min.css"
            },
            {
              "CompressionType": "gzip",
              "DataType": "text/javascript",
              "DownloadTime": 157,
              "EventId": 67,
              "HttpStatus": 200,
              "Size": 9764,
              "URL": "http://maxcdn.bootstrapcdn.com/bootstrap/3.3.6/js/bootstrap.min.js"
            }
          ],
          "SSLCipher": "None",
          "SSLVersion": "None"
        },
        {
          "HTTPVersion": "HTTP/1.1",
          "IP": "209.197.3.15",
          "IncludeInScript": true,
          "Name": "maxcdn.bootstrapcdn.com",
          "Port": 443,
          "Requests": [
            {
              "CompressionType": "gzip",
              "DataType": "font/woff2",
              "DownloadTime": 140,
              "EventId": 538,
              "HttpStatus": 200,
              "Size": 66632,
              "URL": "https://maxcdn.bootstrapcdn.com/font-awesome/4.5.0/fonts/fontawesome-webfont.woff2?v=4.5.0"
            },
            {
              "CompressionType": "gzip",
              "DataType": "text/css",
              "DownloadTime": 172,
              "EventId": 207,
              "HttpStatus": 200,
              "Size": 6241,
              "URL": "https://maxcdn.bootstrapcdn.com/font-awesome/4.5.0/css/font-awesome.min.css"
            }
          ],
          "SSLCipher": "ECDHE-RSA-AES128-GCM-SHA256",
          "SSLVersion": "TLS1.2"
        }
      ],
      "IncludeInScript": true
    },
    {
      "DomainName": "automationtesting.in",
      "Domains": [
        {
          "HTTPVersion": "HTTP/1.1",
          "IP": "23.229.213.2",
          "IncludeInScript": true,
          "Name": "demo.automationtesting.in",
          "Port": 80,
          "Requests": [
            {
              "CompressionType": "gzip",
              "DataType": "application/json",
              "DownloadTime": 281,
              "EventId": 497,
              "HttpStatus": 200,
              "Size": 293,
              "URL": "http://demo.automationtesting.in/Languages.json"
            },
            {
              "CompressionType": "gzip",
              "DataType": "application/json",
              "DownloadTime": 250,
              "EventId": 495,
              "HttpStatus": 200,
              "Size": 601,
              "URL": "http://demo.automationtesting.in/Skills.json"
            },
            {
              "CompressionType": "gzip",
              "DataType": "text/css",
              "DownloadTime": 282,
              "EventId": 456,
              "HttpStatus": 200,
              "Size": 2219,
              "URL": "http://demo.automationtesting.in/ng-grid.css"
            },
            {
              "CompressionType": "gzip",
              "DataType": "application/javascript",
              "DownloadTime": 250,
              "EventId": 454,
              "HttpStatus": 200,
              "Size": 736,
              "URL": "http://demo.automationtesting.in/Register.js"
            },
            {
              "CompressionType": "gzip",
              "DataType": "text/css",
              "DownloadTime": 250,
              "EventId": 424,
              "HttpStatus": 200,
              "Size": 1615,
              "URL": "http://demo.automationtesting.in/Register.css"
            },
            {
              "CompressionType": "gzip",
              "DataType": "text/html",
              "DownloadTime": 265,
              "EventId": 420,
              "HttpStatus": 200,
              "Size": 4863,
              "URL": "http://demo.automationtesting.in/Register.html"
            },
            {
              "CompressionType": "gzip",
              "DataType": "application/javascript",
              "DownloadTime": 297,
              "EventId": 170,
              "HttpStatus": 200,
              "Size": 215630,
              "URL": "http://demo.automationtesting.in/ui-grid.js"
            },
            {
              "CompressionType": "",
              "DataType": "image/png",
              "DownloadTime": 266,
              "EventId": 167,
              "HttpStatus": 200,
              "Size": 27888,
              "URL": "http://demo.automationtesting.in/enter2.png"
            },
            {
              "CompressionType": "gzip",
              "DataType": "text/css",
              "DownloadTime": 266,
              "EventId": 165,
              "HttpStatus": 200,
              "Size": 331,
              "URL": "http://demo.automationtesting.in/SignIn.css"
            },
            {
              "CompressionType": "gzip",
              "DataType": "text/html",
              "DownloadTime": 265,
              "EventId": 157,
              "HttpStatus": 200,
              "Size": 810,
              "URL": "http://demo.automationtesting.in/SignIn.html"
            },
            {
              "CompressionType": "",
              "DataType": "text/html",
              "DownloadTime": 266,
              "EventId": 154,
              "HttpStatus": 404,
              "Size": 315,
              "URL": "http://demo.automationtesting.in/favicon.ico"
            },
            {
              "CompressionType": "",
              "DataType": "image/png",
              "DownloadTime": 265,
              "EventId": 98,
              "HttpStatus": 200,
              "Size": 157530,
              "URL": "http://demo.automationtesting.in/enter.png"
            },
            {
              "CompressionType": "",
              "DataType": "image/png",
              "DownloadTime": 281,
              "EventId": 96,
              "HttpStatus": 200,
              "Size": 94856,
              "URL": "http://demo.automationtesting.in/original.png"
            },
            {
              "CompressionType": "gzip",
              "DataType": "application/javascript",
              "DownloadTime": 250,
              "EventId": 79,
              "HttpStatus": 200,
              "Size": 5120,
              "URL": "http://demo.automationtesting.in/angcontroller.js"
            },
            {
              "CompressionType": "gzip",
              "DataType": "text/css",
              "DownloadTime": 265,
              "EventId": 28,
              "HttpStatus": 200,
              "Size": 410,
              "URL": "http://demo.automationtesting.in/Index.css"
            },
            {
              "CompressionType": "gzip",
              "DataType": "text/html",
              "DownloadTime": 297,
              "EventId": 18,
              "HttpStatus": 200,
              "Size": 754,
              "URL": "http://demo.automationtesting.in/"
            }
          ],
          "SSLCipher": "None",
          "SSLVersion": "None"
        }
      ],
      "IncludeInScript": true
    }
  ],
  "WebSocket": {
    "IncludeInScript": false,
    "IsScriptIncludeWebSocket": false
  },
  "NumberOfCorrelations": 0
}